{"last":{"group_274733672":1669258584.8669777,"group_984551828":1669259068.6223006},"group_984551828":{"r18":true,"maxnum":5,"withdraw":20,"cd":40}}